Municipio,Cabecera,Intendente,Partido,Interna,Seccion,Poblacion,Superficie,Densidad hab/km2,Concejales,GBA
Tordillo,General Conesa,Héctor Aníbal Olivera,PJ,AK,5ª,2.542,1.334,2,6,No
General Guido,General Guido,Carlos Rocha,PJ,AK,5ª,3.174,2.326,1,6,No
Pila,Pila,Sebastián Walker,PJ,AK,5ª,4.642,3.449,1,6,No
General Lavalle,General Lavalle,Nahuel Guardia,UCR,,5ª,4.87,2.705,2,6,No
Lezama,Lezama,Arnaldo Harispe,UCR,,5ª,6.221,1.047,6,6,No
Pellegrini,Pellegrini,Sofía Gambier,UCR,,6ª,7.143,1.821,4,10,No
Monte Hermoso,Monte Hermoso,Hernán Fabio Arranz,PJ,CFK,6ª,8.465,200,42,10,No
San Cayetano,San Cayetano,Miguel Ángel Gargaglione,UCR,,5ª,8.994,2.997,3,10,No
Tres Lomas,Tres Lomas,Luciano Spinolo Sayago,UCR,,6ª,9.164,1.252,7,10,No
Salliqueló,Salliqueló,Ariel Succurro,PJ,AK,6ª,9.427,796,12,10,No
Castelli,Castelli,Francisco José Echarren,PJ,AK,5ª,9.594,2.113,5,10,No
Hipólito Yrigoyen,Henderson,Luis Pugnaloni,PJ,AK,4ª,10.661,1.645,6,10,No
Tapalqué,Tapalqué,Gustavo Cocconi,PJ,AK,7ª,10.783,4.169,3,10,No
Florentino Ameghino,Florentino Ameghino,Nahuel Mittelbach,UCR,,4ª,10.79,1.813,6,10,No
Maipú,Maipú,Matías Rapallini,UCR,,5ª,11.323,2.604,4,12,No
General La Madrid,General La Madrid,Martín Randazzo,UCR,,6ª,11.618,4.814,2,12,No
Laprida,Laprida,Alfredo Fisher,PJ,AK,6ª,11.646,3.448,3,12,No
Suipacha,Suipacha,Juan Luis Mancini,LC,CFK,1ª,11.786,943,12,12,No
Guaminí,Guaminí,José Nobre Ferreira,PJ,AK,6ª,11.801,4.824,2,12,No
Punta Indio,Verónica,David Angueira,PJ,AK,3ª,12.297,1.605,8,10,No
General Alvear,General Alvear,Ramón José Capra,UCR,,7ª,12.631,3.366,4,12,No
Adolfo Gonzales Chaves,Adolfo Gonzales Chaves,Miriam Lucía Gómez,UCR,,6ª,12.914,3.789,3,12,No
General Pinto,General Pinto,Jorge Alfredo Zavatarelli,PJ,NS/NC,4ª,12.941,2.558,5,12,No
Alberti,Alberti,Germán Lago,PJ,AK,4ª,12.982,1.123,12,12,No
Roque Pérez,Roque Pérez,Maximiliano Sciaini,FR,NS/NC,7ª,13.977,1.556,9,12,No
Carlos Tejedor,Carlos Tejedor,María Celia Gianini,PJ,AK,4ª,14.079,3.912,4,12,No
General Paz,Ranchos,Juan Manuel Álvarez,PJ,AK,5ª,14.207,1.2,12,12,No
Tornquist,Tornquist,Sergio Bordoni,Acción por Tornquist,NS/NC,6ª,14.81,4.16,4,12,No
Capitán Sarmiento,Capitán Sarmiento,Fernanda Astorino Hurtado,PRO,,2ª,15.965,549,29,12,No
Coronel Dorrego,Coronel Dorrego,Juan Carlos Chalde,UCR,,6ª,15.968,5.845,3,12,No
General Arenales,General Arenales,Erica Revilla,UCR,,4ª,16.35,1.486,11,12,No
Puán,Puan,Diego Reyes,PRO,,6ª,16.613,6.376,3,12,No
Rauch,Rauch,Maximiliano Suescún,UCR,,5ª,16.635,4.313,4,12,No
Leandro N. Alem,Vedia,Carlos Ferraris ,PJ,AK,4ª,17.266,1.606,11,12,No
Carmen de Areco,Carmen de Areco,Iván Villagrán,LC,CFK,2ª,17.499,1.061,16,12,No
Adolfo Alsina,Carhué,Javier Andres,UCR,,6ª,17.552,5.882,3,12,No
General Las Heras,General Las Heras,Javier Osuna,FR,NS/NC,1ª,18.022,751,24,12,No
Lobería,Lobería,Pablo Barrena,UCR,,5ª,18.243,4.72,4,12,No
Daireaux,Daireaux,Esteban Alejandro Acerbo,PJ,AK,6ª,18.422,3.823,5,12,No
Rivadavia,América,Juan Alberto Martínez,FR,NS/NC,4ª,19.849,3.955,5,12,No
Navarro,Navarro,Facundo Diz ,PJ,AK,1ª,19.899,1.62,12,12,No
General Belgrano,General Belgrano,Osvaldo Mario Dinápoli,UCR,,5ª,20.791,1.858,11,12,No
Ayacucho,Ayacucho,Emilio Cordonnier,UCR,,5ª,21.977,6.756,3,14,No
Benito Juárez,Benito Juárez,Julio César Marini ,PJ,AK,6ª,22.292,5.336,4,14,No
Saavedra,Pigüé,Matías Nebot,Todos por Saavedra,,6ª,22.347,3.546,6,14,No
General Juan Madariaga,General Juan Madariaga,Esteban Santoro,UCR,,5ª,22.624,2.982,8,14,No
General Viamonte,Los Toldos,Franco Flexas,UCR,,4ª,22.649,2.14,11,14,No
Carlos Casares,Carlos Casares,Daniel Stadnik,PJ,AK,4ª,23.1,2.532,9,14,No
Coronel Pringles,Coronel Pringles,Lisandro Matzkin,Compromiso Pringles,,6ª,24.42,5.257,5,14,No
Monte,San Miguel del Monte,José Matildo Castro,UCR,,5ª,24.868,1.876,13,14,No
Rojas,Rojas,Román Bouvier,UCR,,2ª,25.627,2.06,12,14,No
San Andrés de Giles,San Andrés de Giles,Miguel Gesualdi,FR,NS/NC,2ª,26.51,1.129,23,14,No
Magdalena,Magdalena,Lisandro Hourcade,UCR,,3ª,26.613,1.85,14,14,No
San Antonio de Areco,San Antonio de Areco,Francisco Ratto,Viva Areco,,2ª,26.897,862,31,14,No
Las Flores,Las Flores,Alberto Gelené,PJ,NS/NC,5ª,27.239,3.341,8,14,No
Colón,Colón,Waldemar Giordano,LC,CFK,2ª,27.504,1.001,27,14,No
Dolores,Dolores,Juan Pablo García ,PJ,NS/NC,5ª,32.032,1.978,16,14,No
Arrecifes,Arrecifes,Juan Fernando Bouvier,PRO,,2ª,32.215,1.244,26,14,No
Brandsen,Brandsen,Fernando Raitelli,LC,CFK,3ª,32.448,1.114,29,14,No
Villarino,Médanos,Carlos Bevilacqua,Acción por Villarino,,6ª,32.717,10.399,3,16,No
Mar Chiquita,Coronel Vidal,Walter Wischnivetzky,PJ,AK,5ª,33.11,3.089,11,14,No
General Villegas,General Villegas,Gilberto Alegre,ERF,,4ª,35.251,7.262,5,16,No
Veinticinco de Mayo,25 de Mayo,Ramiro Egüen,GEN,,7ª,35.563,4.789,7,16,No
Saladillo,Saladillo,José Luis Salomón,UCR,,7ª,35.656,2.706,13,16,No
Villa Gesell,Villa Gesell,Gustavo Barrera,PJ,AK,5ª,37.463,164,228,16,No
Bolívar,Bolívar,Marcos Pisano,PJ,NS/NC,7ª,37.594,4.935,8,16,No
Patagones,Carmen de Patagones,Ricardo Marino,FR,NS/NC,6ª,37.646,13.564,3,16,No
Salto,Salto,Ricardo Alessandro,PJ,AK,2ª,39.425,1.611,24,16,No
Pinamar,Pinamar,Juan Manuel Ibarguren,PRO,,5ª,39.449,66,598,16,No
Ramallo,Ramallo,Mauro Poletti,PJ,AK,2ª,39.73,1.048,38,16,No
Baradero,Baradero,Esteban Sanzio,PJ,NS/NC,2ª,40.002,1.53,26,16,No
Exaltación de la Cruz,Capilla del Señor,Diego Nanni,UP,,2ª,40.159,637,63,14,No
Lobos,Lobos,Jorge Etcheverry,UCR,,3ª,41.76,1.726,24,16,No
Coronel Suárez,Coronel Suárez,Ricardo Moccero,Movimiento para la Victoria,AK,6ª,42.11,5.984,7,16,No
Chascomús,Chascomús,Javier Gastón,FR,NS/NC,5ª,42.452,3.159,13,16,No
Pehuajó,Pehuajó,Pablo Javier Zurro ,PJ,CFK,4ª,44.783,4.523,10,16,No
Lincoln,Lincoln,Salvador Serenal,UCR,,4ª,45.506,5.778,8,18,No
General Alvarado,Miramar,Sebastián Ianantuony,FR,NS/NC,5ª,45.526,1.628,28,16,No
Bragado,Bragado,Sergio Barenghi,PJ,AK,4ª,46.504,2.199,21,18,No
Balcarce,Balcarce,Esteban Andrés Reino,UCR,,5ª,48.982,4.12,12,18,No
Trenque Lauquen,Trenque Lauquen,Francisco Recoulat,UCR,,4ª,49.499,5.498,9,18,No
Nueve de Julio,9 de Julio,María José Gentile,PRO,,4ª,52.607,4.291,12,18,No
Chacabuco,Chacabuco,Darío Golía,PJ,AK,4ª,52.729,2.29,23,18,No
Tres Arroyos,Tres Arroyos,Pablo Garate,FR,NS/NC,6ª,62.426,5.927,11,18,No
Ensenada,Ensenada,Mario Carlos Secco,Frente Grande,AK,3ª,63.997,114,561,18,No
Marcos Paz,Marcos Paz,Ricardo Pedro Curutchet,Concertación por Marcos Paz,AK,1ª,67.011,422,159,18,No
Coronel de Marina Leonardo Rosales,Punta Alta,Rodrigo Aristimuño,LC,AK,6ª,67.503,1.29,52,18,No
San Pedro,San Pedro,Cecilio Salazar ,PJ,AK,2ª,68.613,1.357,51,18,No
Cañuelas,Cañuelas,Marisa Fassi ,PJ,CFK,3ª,70.684,1.186,60,18,No
Chivilcoy,Chivilcoy,Guillermo Britos (PCH),PCH,,4ª,70.839,2.059,34,18,No
Mercedes,Mercedes,Juan Ignacio Ustárroz,LC,CFK,1ª,72.98,1.05,70,18,No
Azul,Azul,Nelson Sombra,LC,CFK,7ª,75.905,6.538,12,18,No
San Vicente,San Vicente,Nicolás Mantegazza ,PJ,CFK,3ª,98.215,661,149,20,No
La Costa,Mar del Tuyú,Juan De Jesús,PJ,AK,5ª,100.689,234,430,20,No
Berisso,Berisso,Fabian Cagliardi,PJ,AK,3ª,100.93,145,696,20,No
Presidente Perón,Guernica,Blanca Cantero,FR,NS/NC,3ª,102.106,122,837,20,No
Necochea,Necochea,Arturo Rojas,Nueva Necochea,AK,5ª,102.11,4.566,22,20,No
Junín,Junín,Pablo Alexis Petrecca,PRO,,4ª,103.787,2.255,46,20,No
Campana,Campana,Sebastián Abella (PRO-JxC),PRO,,1ª,110.566,986,112,20,No
Luján,Luján,Leonardo Boto ,PJ,CFK,1ª,111.251,771,144,20,No
Pergamino,Pergamino,Javier Martínez,PRO,,2ª,115.34,3.005,38,20,No
Olavarría,Olavarría,Maximiliano Wesner,LC,CFK,7ª,125.751,7.666,16,20,No
Zárate,Zárate,Marcelo Matzkin,PRO,,2ª,132.221,1.185,112,20,No
General Rodríguez,General Rodríguez,Mauro García,ME,CFK,1ª,142.709,367,389,20,No
Tandil,Tandil,Miguel Ángel Lunghi ,UCR,,5ª,145.575,4.855,30,20,No
San Nicolás,San Nicolás de los Arroyos,Santiago Passaglia,ERF,,2ª,168.041,681,247,20,No
San Fernando,San Fernando,Juan Andreotti,FR,NS/NC,1ª,171.616,993,173,20,Sí
Ituzaingó,Ituzaingó,Pablo Descalzo,PJ,AK,1ª,180.232,38,4.743,20,Sí
Hurlingham,Hurlingham,Damián Selci ,LC,CFK,1ª,185.641,36,5.157,20,Sí
Ezeiza,Ezeiza,Gastón Granados,PJ,CFK,3ª,201.511,238,847,20,Sí
Escobar,Belén de Escobar,Ariel Sujarchuk,PJ,CFK,1ª,256.268,301,851,24,No
Vicente López,Olivos,Soledad Martínez,PRO,,1ª,282.28,35,8.065,24,Sí
San Isidro,San Isidro,Ramón Lanús,ConVocación por San Isidro,,1ª,297.282,52,5.717,24,Sí
José C. Paz,José C. Paz,Mario Ishii ,PJ,AK,1ª,326.992,50,6.54,24,Sí
San Miguel,San Miguel,Jaime Méndez,ERF,,1ª,328.835,83,3.962,24,Sí
Morón,Morón,Lucas Ghí,NE,AK,1ª,331.183,55,6.022,24,Sí
Bahía Blanca,Bahía Blanca,Federico Susbielles,PV,CFK,6ª,336.557,2.24,150,24,No
Esteban Echeverría,Monte Grande,Fernando Gray ,UP,AK,3ª,338.48,121,2.797,24,Sí
Malvinas Argentinas,Los Polvorines,Leonardo Nardini ,PJ,CFK,1ª,350.674,63,5.566,24,Sí
Berazategui,Berazategui,Juan José Mussi ,PJ,AK,3ª,358.712,220,1.631,24,Sí
Tres de Febrero,Caseros,Diego Valenzuela,PRO,,1ª,364.176,45,8.093,24,Sí
Avellaneda,Avellaneda,Jorge Ferraresi ,PJ,AK,3ª,367.554,56,6.563,24,Sí
Pilar,Pilar,Federico Achával,PJ,AK,1ª,394.754,385,1.025,24,No
Tigre,Tigre,Julio Zamora,Unidos por Tigre,NS/NC,1ª,446.949,394,1.134,24,Sí
General San Martín,San Martín,Fernando Moreira ,PJ,AK,1ª,450.518,57,7.904,24,Sí
Lanús,Lanús,Julián Álvarez ,LC,CFK,3ª,461.267,50,9.225,24,Sí
Florencio Varela,San Juan Bautista (ex Florencio Varela),Andrés Watson ,PJ,AK,3ª,496.433,190,2.613,24,Sí
Moreno,Moreno,Mariel Fernández,ME,CFK,1ª,576.632,186,3.1,24,Sí
Merlo,Merlo,Gustavo Menéndez ,PJ,CFK,1ª,582.486,174,3.348,24,Sí
Almirante Brown,Adrogué,Mariano Cascallares ,PJ,AK,3ª,584.827,129,4.534,24,Sí
Quilmes,Quilmes,Mayra Mendoza ,LC,CFK,3ª,633.391,92,6.885,24,Sí
General Pueyrredón,Mar del Plata,Guillermo Montenegro,PRO,,5ª,667.082,1.462,456,24,No
Lomas de Zamora,Lomas de Zamora,Federico Otermín ,PJ,CFK,3ª,690.48,89,7.758,24,Sí
La Plata,La Plata,Julio Alak ,PJ,AK,8ª,768.547,893,861,24,No
La Matanza,San Justo,Fernando Espinoza ,PJ,AK,3ª,1.841.247,327,5.631,24,Sí